{
  "material_id": "mp-19",
  "formula": "Te",
  "spacegroup": "P3_121",
  "e_electronic_tensor": [
    [
      87.0340865996841,
      -1.1755244519467042e-05,
      -2.8912057932946783e-19
    ],
    [
      -1.1755244520650122e-05,
      87.03413769037395,
      -7.228014483236696e-20
    ],
    [
      0.0,
      4.336808689942018e-19,
      181.17305601
    ]
  ],
  "e_ionic_tensor": [
    [
      43.830052625718814,
      -5.919898813410915e-06,
      -1.1564823173178711e-18
    ],
    [
      -5.919898813410915e-06,
      43.83007835480627,
      -2.3129646346357423e-18
    ],
    [
      -1.1564823173178711e-18,
      -2.3129646346357423e-18,
      49.916025209999994
    ]
  ],
  "e_total_tensor": [
    [
      130.8641392254029,
      -1.7675143332877962e-05,
      -1.4456028966473391e-18
    ],
    [
      -1.7675143334061043e-05,
      130.86421604518023,
      -2.385244779468109e-18
    ],
    [
      -1.1564823173178711e-18,
      -1.8792837656415413e-18,
      231.08908122
    ]
  ],
  "e_electronic": 118.41376010001936,
  "e_total": 164.2724788301944,
  "n": 10.881808677789707,
  "lattice": {
    "a": 4.60135164657815,
    "b": 4.601353385267984,
    "c": 5.900062000998235,
    "alpha": 89.95522639486674,
    "beta": 90.04475440559331,
    "gamma": 119.99077114584101
  }
}