{
  "material_id": "mp-1023926",
  "formula": "Te2W",
  "spacegroup": "P-6m2",
  "e_electronic_tensor": [
    [
      8.02767740601733,
      1.122751055576861e-16,
      0.0
    ],
    [
      1.122751055576861e-16,
      8.02579952785871,
      0.0
    ],
    [
      0.0,
      0.0,
      1.5614963599999991
    ]
  ],
  "e_ionic_tensor": [
    [
      0.43355583309985,
      6.107672238335008e-18,
      -1.548723591491805e-24
    ],
    [
      6.107672238335008e-18,
      0.433454413350607,
      0.0
    ],
    [
      -1.548723591491805e-24,
      0.0,
      0.0019443300000000002
    ]
  ],
  "e_total_tensor": [
    [
      8.461233239117181,
      1.183827777960211e-16,
      -1.548723591491805e-24
    ],
    [
      1.183827777960211e-16,
      8.459253941209319,
      0.0
    ],
    [
      -1.548723591491805e-24,
      0.0,
      1.563440689999999
    ]
  ],
  "e_electronic": 5.871657764625347,
  "e_total": 6.161309290108833,
  "n": 2.4231503801096093,
  "lattice": {
    "a": 3.5604951000000007,
    "b": 3.560695218075494,
    "c": 17.38239018,
    "alpha": 90.0,
    "beta": 90.0,
    "gamma": 119.99812915418055
  }
}